ID,Language,Setting,Label
3652,EN,zero_shot,0
11103,EN,zero_shot,0
84346,EN,zero_shot,0
56279,EN,zero_shot,0
17886,EN,zero_shot,0
60615,EN,zero_shot,1
23919,EN,zero_shot,0
6690,EN,zero_shot,0
34199,EN,zero_shot,0
49789,EN,zero_shot,0
43006,EN,zero_shot,0
27842,EN,zero_shot,0
59698,EN,zero_shot,0
42940,EN,zero_shot,1
44336,EN,zero_shot,1
99875,EN,zero_shot,1
49792,EN,zero_shot,1
36571,EN,zero_shot,1
98667,EN,zero_shot,1
55355,EN,zero_shot,1
33165,EN,zero_shot,1
10835,EN,zero_shot,1
61744,EN,zero_shot,1
2640,EN,zero_shot,1
98276,EN,zero_shot,1
70802,EN,zero_shot,1
6926,EN,zero_shot,1
45970,EN,zero_shot,1
29489,EN,zero_shot,1
85315,EN,zero_shot,1
9093,EN,zero_shot,1
85526,EN,zero_shot,1
5376,EN,zero_shot,1
98958,EN,zero_shot,1
4167,EN,zero_shot,0
32511,EN,zero_shot,0
26230,EN,zero_shot,1
2771,EN,zero_shot,1
81539,EN,zero_shot,1
20073,EN,zero_shot,0
31366,EN,zero_shot,1
16644,EN,zero_shot,1
62170,EN,zero_shot,1
87847,EN,zero_shot,1
15093,EN,zero_shot,1
74020,EN,zero_shot,1
28669,EN,zero_shot,0
61052,EN,zero_shot,1
91780,EN,zero_shot,1
33686,EN,zero_shot,1
48451,EN,zero_shot,1
22092,EN,zero_shot,1
79515,EN,zero_shot,1
79693,EN,zero_shot,1
98132,EN,zero_shot,1
94256,EN,zero_shot,1
15112,EN,zero_shot,1
21565,EN,zero_shot,1
40868,EN,zero_shot,1
75949,EN,zero_shot,1
3465,EN,zero_shot,1
40988,EN,zero_shot,1
75570,EN,zero_shot,1
88881,EN,zero_shot,1
49292,EN,zero_shot,1
52090,EN,zero_shot,1
93818,EN,zero_shot,1
26095,EN,zero_shot,1
10061,EN,zero_shot,1
77707,EN,zero_shot,1
90620,EN,zero_shot,1
82313,EN,zero_shot,1
31930,EN,zero_shot,1
13456,EN,zero_shot,0
91482,EN,zero_shot,1
39629,EN,zero_shot,1
89787,EN,zero_shot,1
78797,EN,zero_shot,0
15966,EN,zero_shot,1
74277,EN,zero_shot,1
5483,EN,zero_shot,1
45608,EN,zero_shot,1
69927,EN,zero_shot,1
56248,EN,zero_shot,1
86806,EN,zero_shot,0
48671,EN,zero_shot,0
9138,EN,zero_shot,0
66417,EN,zero_shot,0
84974,EN,zero_shot,0
44825,EN,zero_shot,0
1758,EN,zero_shot,0
55157,EN,zero_shot,0
64351,EN,zero_shot,0
13933,EN,zero_shot,0
56922,EN,zero_shot,0
47572,EN,zero_shot,0
83407,EN,zero_shot,0
60358,EN,zero_shot,0
92808,EN,zero_shot,1
20152,EN,zero_shot,0
57180,EN,zero_shot,0
23186,EN,zero_shot,0
96280,EN,zero_shot,0
68486,EN,zero_shot,1
85356,EN,zero_shot,0
35500,EN,zero_shot,0
80828,EN,zero_shot,0
70639,EN,zero_shot,0
63472,EN,zero_shot,1
61031,EN,zero_shot,1
57191,EN,zero_shot,1
95917,EN,zero_shot,1
77756,EN,zero_shot,1
35279,EN,zero_shot,1
42345,EN,zero_shot,1
32277,EN,zero_shot,1
11459,EN,zero_shot,1
36659,EN,zero_shot,1
59187,EN,zero_shot,1
32063,EN,zero_shot,1
98466,EN,zero_shot,1
61010,EN,zero_shot,0
74791,EN,zero_shot,1
80097,EN,zero_shot,1
87680,EN,zero_shot,1
49774,EN,zero_shot,0
44192,EN,zero_shot,0
3861,EN,zero_shot,1
64889,EN,zero_shot,0
42700,EN,zero_shot,0
23934,EN,zero_shot,0
64004,EN,zero_shot,0
27902,EN,zero_shot,0
46607,EN,zero_shot,0
33962,EN,zero_shot,0
44708,EN,zero_shot,0
36755,EN,zero_shot,0
78239,EN,zero_shot,0
92005,EN,zero_shot,0
36311,EN,zero_shot,0
72948,EN,zero_shot,1
1430,EN,zero_shot,0
67815,EN,zero_shot,1
25142,EN,zero_shot,1
11321,EN,zero_shot,1
31735,EN,zero_shot,1
94481,EN,zero_shot,0
53371,EN,zero_shot,1
64138,EN,zero_shot,0
72868,EN,zero_shot,0
99474,EN,zero_shot,1
31599,EN,zero_shot,1
90619,EN,zero_shot,0
62502,EN,zero_shot,1
84759,EN,zero_shot,1
93402,EN,zero_shot,0
64432,EN,zero_shot,0
58843,EN,zero_shot,0
2360,EN,zero_shot,0
12296,EN,zero_shot,0
38666,EN,zero_shot,0
29145,EN,zero_shot,0
53105,EN,zero_shot,0
90773,EN,zero_shot,0
31990,EN,zero_shot,1
40235,EN,zero_shot,1
87126,EN,zero_shot,1
76325,EN,zero_shot,1
48468,EN,zero_shot,1
62131,EN,zero_shot,1
72644,EN,zero_shot,0
69688,EN,zero_shot,0
45156,EN,zero_shot,1
55871,EN,zero_shot,0
97871,EN,zero_shot,1
72240,EN,zero_shot,1
43457,EN,zero_shot,1
46212,EN,zero_shot,1
92224,EN,zero_shot,1
59573,EN,zero_shot,1
35609,EN,zero_shot,1
40289,EN,zero_shot,1
33051,EN,zero_shot,1
30317,EN,zero_shot,1
15914,EN,zero_shot,0
94640,EN,zero_shot,1
25342,EN,zero_shot,0
41459,EN,zero_shot,0
15770,EN,zero_shot,0
97470,EN,zero_shot,0
70336,EN,zero_shot,0
90561,EN,zero_shot,0
24367,EN,zero_shot,0
25205,EN,zero_shot,1
28461,EN,zero_shot,1
96910,EN,zero_shot,1
63564,EN,zero_shot,1
36341,EN,zero_shot,1
95072,EN,zero_shot,1
77378,EN,zero_shot,1
99741,EN,zero_shot,1
68865,EN,zero_shot,1
78322,EN,zero_shot,1
37193,EN,zero_shot,0
13276,EN,zero_shot,0
25543,EN,zero_shot,0
38929,EN,zero_shot,0
29916,EN,zero_shot,0
47401,EN,zero_shot,0
23619,EN,zero_shot,0
39718,EN,zero_shot,0
1954,EN,zero_shot,0
92901,EN,zero_shot,1
16691,EN,zero_shot,1
36054,EN,zero_shot,1
6065,EN,zero_shot,1
7246,EN,zero_shot,1
72629,EN,zero_shot,1
38390,EN,zero_shot,1
91511,EN,zero_shot,1
16651,EN,zero_shot,1
83706,EN,zero_shot,1
98769,EN,zero_shot,1
64440,EN,zero_shot,1
13546,EN,zero_shot,1
1707,EN,zero_shot,1
75343,EN,zero_shot,1
37368,EN,zero_shot,1
61624,EN,zero_shot,1
62846,EN,zero_shot,1
57833,EN,zero_shot,1
44757,EN,zero_shot,1
24264,EN,zero_shot,1
6834,EN,zero_shot,1
33192,EN,zero_shot,1
62716,EN,zero_shot,1
15053,EN,zero_shot,1
8664,EN,zero_shot,1
52621,EN,zero_shot,1
64554,EN,zero_shot,1
9810,EN,zero_shot,1
75731,EN,zero_shot,1
82602,EN,zero_shot,1
90074,EN,zero_shot,1
7126,EN,zero_shot,1
19987,EN,zero_shot,1
19655,EN,zero_shot,1
73872,EN,zero_shot,1
39924,EN,zero_shot,1
11264,EN,zero_shot,1
32630,EN,zero_shot,1
15625,EN,zero_shot,1
73247,EN,zero_shot,1
54648,EN,zero_shot,1
79571,EN,zero_shot,1
78235,EN,zero_shot,1
81157,EN,zero_shot,1
29681,EN,zero_shot,1
68594,EN,zero_shot,1
49956,EN,zero_shot,1
59149,EN,zero_shot,1
58128,EN,zero_shot,1
39074,EN,zero_shot,1
77239,EN,zero_shot,1
56307,EN,zero_shot,1
40126,EN,zero_shot,1
74631,EN,zero_shot,1
81499,EN,zero_shot,1
7994,EN,zero_shot,1
80005,EN,zero_shot,1
97104,EN,zero_shot,1
13106,EN,zero_shot,1
27335,EN,zero_shot,0
82087,EN,zero_shot,1
27759,EN,zero_shot,0
34787,EN,zero_shot,1
86663,EN,zero_shot,0
10741,EN,zero_shot,0
20685,EN,zero_shot,1
31539,EN,zero_shot,1
22882,EN,zero_shot,0
72450,EN,zero_shot,1
9938,EN,zero_shot,1
20617,EN,zero_shot,1
450,EN,zero_shot,0
53645,EN,zero_shot,0
59148,EN,zero_shot,0
90457,EN,zero_shot,0
77932,EN,zero_shot,1
61692,EN,zero_shot,0
38275,EN,zero_shot,0
4378,EN,zero_shot,1
30440,EN,zero_shot,1
37862,EN,zero_shot,0
92762,EN,zero_shot,1
37156,EN,zero_shot,1
92241,EN,zero_shot,1
59610,EN,zero_shot,1
9429,EN,zero_shot,0
90196,EN,zero_shot,1
30695,EN,zero_shot,1
34775,EN,zero_shot,1
82027,EN,zero_shot,1
77404,EN,zero_shot,1
86762,EN,zero_shot,1
26028,EN,zero_shot,0
55823,EN,zero_shot,1
15143,EN,zero_shot,1
71476,EN,zero_shot,1
29566,EN,zero_shot,1
84986,EN,zero_shot,1
19628,EN,zero_shot,1
34916,EN,zero_shot,1
18743,EN,zero_shot,1
9459,EN,zero_shot,1
7916,EN,zero_shot,1
21847,EN,zero_shot,1
40419,EN,zero_shot,1
78093,EN,zero_shot,1
98267,EN,zero_shot,1
74707,EN,zero_shot,1
37928,EN,zero_shot,0
57660,EN,zero_shot,0
16399,EN,zero_shot,0
61533,EN,zero_shot,0
90366,EN,zero_shot,0
39957,EN,zero_shot,0
91815,EN,zero_shot,0
52857,EN,zero_shot,0
35783,EN,zero_shot,0
65697,EN,zero_shot,0
70876,EN,zero_shot,0
64822,EN,zero_shot,0
57477,EN,zero_shot,0
10643,EN,zero_shot,0
78485,EN,zero_shot,0
5324,EN,zero_shot,1
56726,EN,zero_shot,1
96376,EN,zero_shot,1
42347,EN,zero_shot,1
79229,EN,zero_shot,1
32916,EN,zero_shot,1
3490,EN,zero_shot,1
12070,EN,zero_shot,1
30105,EN,zero_shot,1
88481,EN,zero_shot,1
75492,EN,zero_shot,1
77055,EN,zero_shot,1
2819,EN,zero_shot,1
88217,EN,zero_shot,1
35425,EN,zero_shot,1
75629,EN,zero_shot,1
5373,EN,zero_shot,1
99225,EN,zero_shot,0
23062,EN,zero_shot,1
61769,EN,zero_shot,1
68121,EN,zero_shot,1
85494,EN,zero_shot,0
58063,EN,zero_shot,1
36558,EN,zero_shot,1
23888,EN,zero_shot,1
76820,EN,zero_shot,1
57232,EN,zero_shot,1
83302,EN,zero_shot,1
64551,EN,zero_shot,1
12059,EN,zero_shot,1
61705,EN,zero_shot,1
45707,EN,zero_shot,0
53623,EN,zero_shot,0
43787,EN,zero_shot,0
42181,EN,zero_shot,1
87935,EN,zero_shot,1
13810,EN,zero_shot,0
21179,EN,zero_shot,1
43328,EN,zero_shot,1
54055,EN,zero_shot,1
91021,EN,zero_shot,1
65042,EN,zero_shot,0
37877,EN,zero_shot,0
86946,EN,zero_shot,0
52588,EN,zero_shot,0
99780,EN,zero_shot,0
72202,EN,zero_shot,1
4909,EN,zero_shot,1
59714,EN,zero_shot,1
11642,EN,zero_shot,0
41324,EN,zero_shot,1
33182,EN,zero_shot,1
42472,EN,zero_shot,0
15294,EN,zero_shot,1
53076,EN,zero_shot,1
67549,EN,zero_shot,1
250,EN,zero_shot,1
86300,EN,zero_shot,1
71218,EN,zero_shot,1
60652,EN,zero_shot,0
54265,EN,zero_shot,1
7204,EN,zero_shot,1
24686,EN,zero_shot,1
68052,EN,zero_shot,1
47519,EN,zero_shot,1
81709,EN,zero_shot,0
99248,EN,zero_shot,1
65438,EN,zero_shot,0
82073,EN,zero_shot,1
58039,EN,zero_shot,1
99713,EN,zero_shot,1
6864,EN,zero_shot,1
26780,EN,zero_shot,0
35103,EN,zero_shot,1
72087,EN,zero_shot,1
17272,EN,zero_shot,1
37852,EN,zero_shot,1
57524,EN,zero_shot,1
91621,EN,zero_shot,1
63632,EN,zero_shot,1
16015,EN,zero_shot,0
3883,EN,zero_shot,0
82678,EN,zero_shot,0
79906,EN,zero_shot,0
31465,EN,zero_shot,0
93132,EN,zero_shot,0
20858,EN,zero_shot,1
40830,EN,zero_shot,0
72299,EN,zero_shot,0
1892,EN,zero_shot,0
72484,EN,zero_shot,0
53576,EN,zero_shot,1
12317,EN,zero_shot,1
14971,EN,zero_shot,1
60582,EN,zero_shot,1
15496,EN,zero_shot,1
84996,EN,zero_shot,1
20281,EN,zero_shot,1
65423,EN,zero_shot,1
94026,EN,zero_shot,1
38354,EN,zero_shot,1
66798,EN,zero_shot,1
92559,EN,zero_shot,1
35938,EN,zero_shot,1
54559,EN,zero_shot,1
63342,EN,zero_shot,1
61994,EN,zero_shot,1
32046,EN,zero_shot,0
59971,EN,zero_shot,0
72355,EN,zero_shot,0
19058,EN,zero_shot,1
50377,EN,zero_shot,0
25083,EN,zero_shot,0
78661,EN,zero_shot,1
66716,EN,zero_shot,0
97918,EN,zero_shot,0
17992,EN,zero_shot,0
9250,EN,zero_shot,0
36308,EN,zero_shot,0
54487,EN,zero_shot,1
44648,EN,zero_shot,0
66650,EN,zero_shot,1
35118,EN,zero_shot,1
436,EN,zero_shot,1
37172,EN,zero_shot,1
95264,EN,zero_shot,1
39232,EN,zero_shot,1
77031,EN,zero_shot,1
76111,EN,zero_shot,1
86599,EN,zero_shot,0
64278,PT,zero_shot,1
19576,PT,zero_shot,0
58629,PT,zero_shot,0
70692,PT,zero_shot,0
63583,PT,zero_shot,0
45336,PT,zero_shot,0
43673,PT,zero_shot,0
72440,PT,zero_shot,0
71328,PT,zero_shot,0
49541,PT,zero_shot,0
59782,PT,zero_shot,1
42276,PT,zero_shot,0
24827,PT,zero_shot,0
91522,PT,zero_shot,0
31400,PT,zero_shot,0
75046,PT,zero_shot,0
50296,PT,zero_shot,1
30713,PT,zero_shot,0
53941,PT,zero_shot,0
5820,PT,zero_shot,0
41804,PT,zero_shot,1
97709,PT,zero_shot,1
92535,PT,zero_shot,1
50068,PT,zero_shot,0
50704,PT,zero_shot,0
87091,PT,zero_shot,0
85561,PT,zero_shot,1
20036,PT,zero_shot,1
65023,PT,zero_shot,1
4952,PT,zero_shot,0
16647,PT,zero_shot,0
65936,PT,zero_shot,0
77456,PT,zero_shot,0
43615,PT,zero_shot,0
13254,PT,zero_shot,0
57811,PT,zero_shot,0
13169,PT,zero_shot,0
69037,PT,zero_shot,0
59990,PT,zero_shot,0
2111,PT,zero_shot,0
94792,PT,zero_shot,0
18994,PT,zero_shot,0
53836,PT,zero_shot,0
85923,PT,zero_shot,1
20332,PT,zero_shot,0
9907,PT,zero_shot,0
61637,PT,zero_shot,1
34837,PT,zero_shot,0
44475,PT,zero_shot,0
81791,PT,zero_shot,0
90894,PT,zero_shot,0
52198,PT,zero_shot,0
85275,PT,zero_shot,0
10627,PT,zero_shot,0
43165,PT,zero_shot,0
88489,PT,zero_shot,1
70042,PT,zero_shot,0
49908,PT,zero_shot,0
41605,PT,zero_shot,0
82255,PT,zero_shot,0
94303,PT,zero_shot,0
99636,PT,zero_shot,1
64056,PT,zero_shot,0
71012,PT,zero_shot,1
4805,PT,zero_shot,0
81031,PT,zero_shot,0
9068,PT,zero_shot,0
30871,PT,zero_shot,1
82827,PT,zero_shot,0
89805,PT,zero_shot,0
37767,PT,zero_shot,0
29917,PT,zero_shot,0
97980,PT,zero_shot,0
11946,PT,zero_shot,0
56981,PT,zero_shot,1
13003,PT,zero_shot,0
99763,PT,zero_shot,1
83166,PT,zero_shot,1
92360,PT,zero_shot,1
13273,PT,zero_shot,1
58253,PT,zero_shot,0
21905,PT,zero_shot,0
91064,PT,zero_shot,0
39351,PT,zero_shot,1
3894,PT,zero_shot,0
6128,PT,zero_shot,1
42616,PT,zero_shot,0
7455,PT,zero_shot,0
38552,PT,zero_shot,0
47084,PT,zero_shot,0
49231,PT,zero_shot,0
56550,PT,zero_shot,0
19180,PT,zero_shot,0
32107,PT,zero_shot,0
69721,PT,zero_shot,1
54108,PT,zero_shot,0
89464,PT,zero_shot,0
23700,PT,zero_shot,1
22380,PT,zero_shot,0
23046,PT,zero_shot,0
10450,PT,zero_shot,1
79987,PT,zero_shot,0
81326,PT,zero_shot,1
89639,PT,zero_shot,0
31666,PT,zero_shot,0
65330,PT,zero_shot,0
76535,PT,zero_shot,0
18858,PT,zero_shot,0
30533,PT,zero_shot,0
60543,PT,zero_shot,0
83711,PT,zero_shot,0
33389,PT,zero_shot,0
60336,PT,zero_shot,1
33566,PT,zero_shot,0
87504,PT,zero_shot,0
1331,PT,zero_shot,0
61081,PT,zero_shot,1
37800,PT,zero_shot,0
88915,PT,zero_shot,1
71743,PT,zero_shot,0
20806,PT,zero_shot,0
9781,PT,zero_shot,0
57998,PT,zero_shot,0
45393,PT,zero_shot,0
77114,PT,zero_shot,0
39310,PT,zero_shot,0
83846,PT,zero_shot,1
55715,PT,zero_shot,0
90580,PT,zero_shot,0
32880,PT,zero_shot,0
59978,PT,zero_shot,0
39699,PT,zero_shot,0
26211,PT,zero_shot,0
50522,PT,zero_shot,1
63435,PT,zero_shot,0
14079,PT,zero_shot,0
31191,PT,zero_shot,0
50086,PT,zero_shot,0
75063,PT,zero_shot,0
47149,PT,zero_shot,1
75441,PT,zero_shot,0
38880,PT,zero_shot,1
91755,PT,zero_shot,0
38796,PT,zero_shot,0
2975,PT,zero_shot,0
86375,PT,zero_shot,0
51979,PT,zero_shot,0
36076,PT,zero_shot,0
1161,PT,zero_shot,0
89989,PT,zero_shot,0
97705,PT,zero_shot,0
6528,PT,zero_shot,0
79582,PT,zero_shot,0
97771,PT,zero_shot,0
65207,PT,zero_shot,0
37612,PT,zero_shot,0
30262,PT,zero_shot,0
79669,PT,zero_shot,0
46279,PT,zero_shot,0
28805,PT,zero_shot,0
83542,PT,zero_shot,0
25020,PT,zero_shot,0
81481,PT,zero_shot,0
32950,PT,zero_shot,0
88935,PT,zero_shot,0
99135,PT,zero_shot,0
94593,PT,zero_shot,0
86500,PT,zero_shot,0
89341,PT,zero_shot,0
18027,PT,zero_shot,0
82445,PT,zero_shot,0
12835,PT,zero_shot,0
82342,PT,zero_shot,1
84817,PT,zero_shot,0
5267,PT,zero_shot,1
40592,PT,zero_shot,0
57879,PT,zero_shot,1
4473,PT,zero_shot,1
76065,PT,zero_shot,1
47923,PT,zero_shot,0
96091,PT,zero_shot,0
17324,PT,zero_shot,1
11913,PT,zero_shot,1
38780,PT,zero_shot,0
42923,PT,zero_shot,0
98073,PT,zero_shot,0
54560,PT,zero_shot,0
23121,PT,zero_shot,1
26418,PT,zero_shot,0
17422,PT,zero_shot,0
70801,PT,zero_shot,0
48053,PT,zero_shot,0
69679,PT,zero_shot,0
65871,PT,zero_shot,0
35820,PT,zero_shot,0
21667,PT,zero_shot,0
33781,PT,zero_shot,0
63256,PT,zero_shot,0
38784,PT,zero_shot,0
97953,PT,zero_shot,0
44496,PT,zero_shot,0
15195,PT,zero_shot,0
61485,PT,zero_shot,0
9969,PT,zero_shot,1
18549,PT,zero_shot,0
98948,PT,zero_shot,0
29671,PT,zero_shot,0
88747,PT,zero_shot,1
95024,PT,zero_shot,0
88495,PT,zero_shot,0
52189,PT,zero_shot,0
73148,PT,zero_shot,1
48042,PT,zero_shot,0
11936,PT,zero_shot,0
51817,PT,zero_shot,0
1924,PT,zero_shot,1
34763,PT,zero_shot,0
70429,PT,zero_shot,0
16299,PT,zero_shot,0
59709,PT,zero_shot,0
48411,PT,zero_shot,0
88288,PT,zero_shot,0
98274,PT,zero_shot,1
88225,PT,zero_shot,0
34462,PT,zero_shot,0
76719,PT,zero_shot,0
50041,PT,zero_shot,0
83795,PT,zero_shot,0
48789,PT,zero_shot,0
14301,PT,zero_shot,0
88552,PT,zero_shot,0
30747,PT,zero_shot,1
61897,PT,zero_shot,1
3380,PT,zero_shot,0
81305,PT,zero_shot,0
73684,PT,zero_shot,0
43092,PT,zero_shot,0
80064,PT,zero_shot,0
29115,PT,zero_shot,1
84989,PT,zero_shot,0
8385,PT,zero_shot,0
83383,PT,zero_shot,0
60952,PT,zero_shot,0
91991,PT,zero_shot,0
39708,PT,zero_shot,0
85197,PT,zero_shot,1
53616,PT,zero_shot,0
15392,PT,zero_shot,1
18420,PT,zero_shot,0
6043,PT,zero_shot,1
4977,PT,zero_shot,1
39993,PT,zero_shot,1
64669,PT,zero_shot,0
15320,PT,zero_shot,1
12839,PT,zero_shot,1
30875,PT,zero_shot,0
70557,PT,zero_shot,0
17881,PT,zero_shot,0
51040,PT,zero_shot,1
59559,PT,zero_shot,0
48729,PT,zero_shot,0
87981,PT,zero_shot,0
97504,PT,zero_shot,0
91389,PT,zero_shot,1
70904,PT,zero_shot,0
55035,PT,zero_shot,1
77083,PT,zero_shot,0
97390,PT,zero_shot,0
95336,PT,zero_shot,1
20353,PT,zero_shot,1
54479,PT,zero_shot,0
85941,PT,zero_shot,0
13078,PT,zero_shot,0
3652,EN,one_shot,1
11103,EN,one_shot,1
84346,EN,one_shot,1
56279,EN,one_shot,1
17886,EN,one_shot,0
60615,EN,one_shot,1
23919,EN,one_shot,1
6690,EN,one_shot,0
34199,EN,one_shot,0
49789,EN,one_shot,1
43006,EN,one_shot,1
27842,EN,one_shot,0
59698,EN,one_shot,0
42940,EN,one_shot,1
44336,EN,one_shot,1
99875,EN,one_shot,1
49792,EN,one_shot,1
36571,EN,one_shot,1
98667,EN,one_shot,1
55355,EN,one_shot,1
33165,EN,one_shot,1
10835,EN,one_shot,1
61744,EN,one_shot,1
2640,EN,one_shot,1
98276,EN,one_shot,1
70802,EN,one_shot,1
6926,EN,one_shot,1
45970,EN,one_shot,1
29489,EN,one_shot,1
85315,EN,one_shot,1
9093,EN,one_shot,1
85526,EN,one_shot,1
5376,EN,one_shot,1
98958,EN,one_shot,0
4167,EN,one_shot,1
32511,EN,one_shot,1
26230,EN,one_shot,1
2771,EN,one_shot,0
81539,EN,one_shot,0
20073,EN,one_shot,0
31366,EN,one_shot,0
16644,EN,one_shot,1
62170,EN,one_shot,1
87847,EN,one_shot,1
15093,EN,one_shot,0
74020,EN,one_shot,0
28669,EN,one_shot,1
61052,EN,one_shot,0
91780,EN,one_shot,0
33686,EN,one_shot,0
48451,EN,one_shot,0
22092,EN,one_shot,0
79515,EN,one_shot,1
79693,EN,one_shot,0
98132,EN,one_shot,0
94256,EN,one_shot,1
15112,EN,one_shot,1
21565,EN,one_shot,1
40868,EN,one_shot,1
75949,EN,one_shot,1
3465,EN,one_shot,1
40988,EN,one_shot,1
75570,EN,one_shot,1
88881,EN,one_shot,1
49292,EN,one_shot,1
52090,EN,one_shot,1
93818,EN,one_shot,1
26095,EN,one_shot,1
10061,EN,one_shot,1
77707,EN,one_shot,1
90620,EN,one_shot,1
82313,EN,one_shot,1
31930,EN,one_shot,1
13456,EN,one_shot,1
91482,EN,one_shot,1
39629,EN,one_shot,1
89787,EN,one_shot,1
78797,EN,one_shot,1
15966,EN,one_shot,1
74277,EN,one_shot,1
5483,EN,one_shot,1
45608,EN,one_shot,1
69927,EN,one_shot,1
56248,EN,one_shot,1
86806,EN,one_shot,0
48671,EN,one_shot,0
9138,EN,one_shot,0
66417,EN,one_shot,0
84974,EN,one_shot,0
44825,EN,one_shot,0
1758,EN,one_shot,0
55157,EN,one_shot,0
64351,EN,one_shot,0
13933,EN,one_shot,0
56922,EN,one_shot,0
47572,EN,one_shot,0
83407,EN,one_shot,0
60358,EN,one_shot,0
92808,EN,one_shot,0
20152,EN,one_shot,0
57180,EN,one_shot,0
23186,EN,one_shot,1
96280,EN,one_shot,0
68486,EN,one_shot,0
85356,EN,one_shot,0
35500,EN,one_shot,0
80828,EN,one_shot,0
70639,EN,one_shot,0
63472,EN,one_shot,1
61031,EN,one_shot,1
57191,EN,one_shot,1
95917,EN,one_shot,1
77756,EN,one_shot,1
35279,EN,one_shot,1
42345,EN,one_shot,1
32277,EN,one_shot,1
11459,EN,one_shot,1
36659,EN,one_shot,1
59187,EN,one_shot,1
32063,EN,one_shot,1
98466,EN,one_shot,1
61010,EN,one_shot,1
74791,EN,one_shot,1
80097,EN,one_shot,1
87680,EN,one_shot,1
49774,EN,one_shot,1
44192,EN,one_shot,1
3861,EN,one_shot,1
64889,EN,one_shot,0
42700,EN,one_shot,0
23934,EN,one_shot,0
64004,EN,one_shot,0
27902,EN,one_shot,0
46607,EN,one_shot,0
33962,EN,one_shot,0
44708,EN,one_shot,0
36755,EN,one_shot,0
78239,EN,one_shot,0
92005,EN,one_shot,0
36311,EN,one_shot,0
72948,EN,one_shot,0
1430,EN,one_shot,1
67815,EN,one_shot,1
25142,EN,one_shot,1
11321,EN,one_shot,1
31735,EN,one_shot,1
94481,EN,one_shot,1
53371,EN,one_shot,0
64138,EN,one_shot,1
72868,EN,one_shot,0
99474,EN,one_shot,0
31599,EN,one_shot,1
90619,EN,one_shot,0
62502,EN,one_shot,0
84759,EN,one_shot,0
93402,EN,one_shot,0
64432,EN,one_shot,0
58843,EN,one_shot,0
2360,EN,one_shot,0
12296,EN,one_shot,0
38666,EN,one_shot,0
29145,EN,one_shot,0
53105,EN,one_shot,0
90773,EN,one_shot,0
31990,EN,one_shot,1
40235,EN,one_shot,1
87126,EN,one_shot,1
76325,EN,one_shot,1
48468,EN,one_shot,0
62131,EN,one_shot,0
72644,EN,one_shot,0
69688,EN,one_shot,0
45156,EN,one_shot,0
55871,EN,one_shot,0
97871,EN,one_shot,0
72240,EN,one_shot,1
43457,EN,one_shot,0
46212,EN,one_shot,0
92224,EN,one_shot,1
59573,EN,one_shot,1
35609,EN,one_shot,0
40289,EN,one_shot,1
33051,EN,one_shot,1
30317,EN,one_shot,1
15914,EN,one_shot,1
94640,EN,one_shot,1
25342,EN,one_shot,1
41459,EN,one_shot,0
15770,EN,one_shot,0
97470,EN,one_shot,0
70336,EN,one_shot,0
90561,EN,one_shot,0
24367,EN,one_shot,0
25205,EN,one_shot,0
28461,EN,one_shot,1
96910,EN,one_shot,1
63564,EN,one_shot,1
36341,EN,one_shot,1
95072,EN,one_shot,1
77378,EN,one_shot,1
99741,EN,one_shot,1
68865,EN,one_shot,1
78322,EN,one_shot,1
37193,EN,one_shot,0
13276,EN,one_shot,0
25543,EN,one_shot,0
38929,EN,one_shot,0
29916,EN,one_shot,1
47401,EN,one_shot,0
23619,EN,one_shot,0
39718,EN,one_shot,0
1954,EN,one_shot,0
92901,EN,one_shot,1
16691,EN,one_shot,1
36054,EN,one_shot,1
6065,EN,one_shot,1
7246,EN,one_shot,1
72629,EN,one_shot,1
38390,EN,one_shot,1
91511,EN,one_shot,1
16651,EN,one_shot,1
83706,EN,one_shot,1
98769,EN,one_shot,1
64440,EN,one_shot,1
13546,EN,one_shot,1
1707,EN,one_shot,1
75343,EN,one_shot,1
37368,EN,one_shot,1
61624,EN,one_shot,1
62846,EN,one_shot,1
57833,EN,one_shot,0
44757,EN,one_shot,0
24264,EN,one_shot,1
6834,EN,one_shot,1
33192,EN,one_shot,1
62716,EN,one_shot,1
15053,EN,one_shot,1
8664,EN,one_shot,1
52621,EN,one_shot,1
64554,EN,one_shot,1
9810,EN,one_shot,1
75731,EN,one_shot,1
82602,EN,one_shot,1
90074,EN,one_shot,0
7126,EN,one_shot,0
19987,EN,one_shot,1
19655,EN,one_shot,0
73872,EN,one_shot,0
39924,EN,one_shot,1
11264,EN,one_shot,1
32630,EN,one_shot,1
15625,EN,one_shot,1
73247,EN,one_shot,1
54648,EN,one_shot,1
79571,EN,one_shot,1
78235,EN,one_shot,1
81157,EN,one_shot,1
29681,EN,one_shot,1
68594,EN,one_shot,1
49956,EN,one_shot,1
59149,EN,one_shot,1
58128,EN,one_shot,1
39074,EN,one_shot,1
77239,EN,one_shot,1
56307,EN,one_shot,1
40126,EN,one_shot,1
74631,EN,one_shot,1
81499,EN,one_shot,1
7994,EN,one_shot,1
80005,EN,one_shot,1
97104,EN,one_shot,1
13106,EN,one_shot,1
27335,EN,one_shot,1
82087,EN,one_shot,1
27759,EN,one_shot,1
34787,EN,one_shot,1
86663,EN,one_shot,1
10741,EN,one_shot,1
20685,EN,one_shot,1
31539,EN,one_shot,1
22882,EN,one_shot,1
72450,EN,one_shot,1
9938,EN,one_shot,1
20617,EN,one_shot,1
450,EN,one_shot,0
53645,EN,one_shot,1
59148,EN,one_shot,1
90457,EN,one_shot,1
77932,EN,one_shot,1
61692,EN,one_shot,1
38275,EN,one_shot,0
4378,EN,one_shot,1
30440,EN,one_shot,1
37862,EN,one_shot,1
92762,EN,one_shot,1
37156,EN,one_shot,1
92241,EN,one_shot,1
59610,EN,one_shot,1
9429,EN,one_shot,1
90196,EN,one_shot,0
30695,EN,one_shot,1
34775,EN,one_shot,1
82027,EN,one_shot,1
77404,EN,one_shot,1
86762,EN,one_shot,1
26028,EN,one_shot,1
55823,EN,one_shot,1
15143,EN,one_shot,1
71476,EN,one_shot,1
29566,EN,one_shot,1
84986,EN,one_shot,1
19628,EN,one_shot,1
34916,EN,one_shot,1
18743,EN,one_shot,1
9459,EN,one_shot,1
7916,EN,one_shot,1
21847,EN,one_shot,1
40419,EN,one_shot,1
78093,EN,one_shot,1
98267,EN,one_shot,1
74707,EN,one_shot,1
37928,EN,one_shot,0
57660,EN,one_shot,0
16399,EN,one_shot,0
61533,EN,one_shot,0
90366,EN,one_shot,0
39957,EN,one_shot,0
91815,EN,one_shot,0
52857,EN,one_shot,0
35783,EN,one_shot,0
65697,EN,one_shot,0
70876,EN,one_shot,0
64822,EN,one_shot,0
57477,EN,one_shot,0
10643,EN,one_shot,0
78485,EN,one_shot,0
5324,EN,one_shot,1
56726,EN,one_shot,1
96376,EN,one_shot,1
42347,EN,one_shot,1
79229,EN,one_shot,1
32916,EN,one_shot,1
3490,EN,one_shot,1
12070,EN,one_shot,1
30105,EN,one_shot,1
88481,EN,one_shot,1
75492,EN,one_shot,1
77055,EN,one_shot,1
2819,EN,one_shot,1
88217,EN,one_shot,1
35425,EN,one_shot,1
75629,EN,one_shot,0
5373,EN,one_shot,0
99225,EN,one_shot,0
23062,EN,one_shot,0
61769,EN,one_shot,1
68121,EN,one_shot,0
85494,EN,one_shot,0
58063,EN,one_shot,0
36558,EN,one_shot,0
23888,EN,one_shot,0
76820,EN,one_shot,0
57232,EN,one_shot,0
83302,EN,one_shot,1
64551,EN,one_shot,0
12059,EN,one_shot,0
61705,EN,one_shot,0
45707,EN,one_shot,0
53623,EN,one_shot,0
43787,EN,one_shot,0
42181,EN,one_shot,1
87935,EN,one_shot,1
13810,EN,one_shot,0
21179,EN,one_shot,1
43328,EN,one_shot,1
54055,EN,one_shot,1
91021,EN,one_shot,1
65042,EN,one_shot,0
37877,EN,one_shot,0
86946,EN,one_shot,0
52588,EN,one_shot,0
99780,EN,one_shot,0
72202,EN,one_shot,0
4909,EN,one_shot,1
59714,EN,one_shot,1
11642,EN,one_shot,1
41324,EN,one_shot,1
33182,EN,one_shot,1
42472,EN,one_shot,1
15294,EN,one_shot,1
53076,EN,one_shot,1
67549,EN,one_shot,1
250,EN,one_shot,1
86300,EN,one_shot,1
71218,EN,one_shot,0
60652,EN,one_shot,1
54265,EN,one_shot,1
7204,EN,one_shot,1
24686,EN,one_shot,1
68052,EN,one_shot,0
47519,EN,one_shot,1
81709,EN,one_shot,1
99248,EN,one_shot,0
65438,EN,one_shot,0
82073,EN,one_shot,1
58039,EN,one_shot,1
99713,EN,one_shot,1
6864,EN,one_shot,1
26780,EN,one_shot,1
35103,EN,one_shot,1
72087,EN,one_shot,0
17272,EN,one_shot,1
37852,EN,one_shot,1
57524,EN,one_shot,1
91621,EN,one_shot,0
63632,EN,one_shot,1
16015,EN,one_shot,0
3883,EN,one_shot,0
82678,EN,one_shot,1
79906,EN,one_shot,0
31465,EN,one_shot,0
93132,EN,one_shot,0
20858,EN,one_shot,0
40830,EN,one_shot,0
72299,EN,one_shot,0
1892,EN,one_shot,0
72484,EN,one_shot,0
53576,EN,one_shot,1
12317,EN,one_shot,1
14971,EN,one_shot,1
60582,EN,one_shot,1
15496,EN,one_shot,1
84996,EN,one_shot,1
20281,EN,one_shot,1
65423,EN,one_shot,1
94026,EN,one_shot,1
38354,EN,one_shot,1
66798,EN,one_shot,1
92559,EN,one_shot,1
35938,EN,one_shot,1
54559,EN,one_shot,1
63342,EN,one_shot,1
61994,EN,one_shot,1
32046,EN,one_shot,0
59971,EN,one_shot,0
72355,EN,one_shot,0
19058,EN,one_shot,0
50377,EN,one_shot,0
25083,EN,one_shot,0
78661,EN,one_shot,0
66716,EN,one_shot,0
97918,EN,one_shot,0
17992,EN,one_shot,0
9250,EN,one_shot,0
36308,EN,one_shot,0
54487,EN,one_shot,0
44648,EN,one_shot,0
66650,EN,one_shot,0
35118,EN,one_shot,0
436,EN,one_shot,1
37172,EN,one_shot,0
95264,EN,one_shot,0
39232,EN,one_shot,0
77031,EN,one_shot,0
76111,EN,one_shot,0
86599,EN,one_shot,0
64278,PT,one_shot,0
19576,PT,one_shot,0
58629,PT,one_shot,0
70692,PT,one_shot,0
63583,PT,one_shot,0
45336,PT,one_shot,0
43673,PT,one_shot,0
72440,PT,one_shot,0
71328,PT,one_shot,0
49541,PT,one_shot,0
59782,PT,one_shot,0
42276,PT,one_shot,0
24827,PT,one_shot,0
91522,PT,one_shot,1
31400,PT,one_shot,1
75046,PT,one_shot,1
50296,PT,one_shot,1
30713,PT,one_shot,1
53941,PT,one_shot,1
5820,PT,one_shot,1
41804,PT,one_shot,1
97709,PT,one_shot,1
92535,PT,one_shot,1
50068,PT,one_shot,1
50704,PT,one_shot,1
87091,PT,one_shot,1
85561,PT,one_shot,1
20036,PT,one_shot,1
65023,PT,one_shot,1
4952,PT,one_shot,0
16647,PT,one_shot,0
65936,PT,one_shot,0
77456,PT,one_shot,0
43615,PT,one_shot,0
13254,PT,one_shot,0
57811,PT,one_shot,0
13169,PT,one_shot,0
69037,PT,one_shot,0
59990,PT,one_shot,0
2111,PT,one_shot,0
94792,PT,one_shot,0
18994,PT,one_shot,0
53836,PT,one_shot,1
85923,PT,one_shot,0
20332,PT,one_shot,0
9907,PT,one_shot,1
61637,PT,one_shot,1
34837,PT,one_shot,1
44475,PT,one_shot,1
81791,PT,one_shot,0
90894,PT,one_shot,1
52198,PT,one_shot,1
85275,PT,one_shot,1
10627,PT,one_shot,1
43165,PT,one_shot,1
88489,PT,one_shot,1
70042,PT,one_shot,1
49908,PT,one_shot,1
41605,PT,one_shot,1
82255,PT,one_shot,1
94303,PT,one_shot,1
99636,PT,one_shot,1
64056,PT,one_shot,0
71012,PT,one_shot,1
4805,PT,one_shot,1
81031,PT,one_shot,0
9068,PT,one_shot,0
30871,PT,one_shot,1
82827,PT,one_shot,0
89805,PT,one_shot,0
37767,PT,one_shot,0
29917,PT,one_shot,0
97980,PT,one_shot,0
11946,PT,one_shot,0
56981,PT,one_shot,0
13003,PT,one_shot,0
99763,PT,one_shot,0
83166,PT,one_shot,0
92360,PT,one_shot,0
13273,PT,one_shot,0
58253,PT,one_shot,1
21905,PT,one_shot,0
91064,PT,one_shot,0
39351,PT,one_shot,0
3894,PT,one_shot,0
6128,PT,one_shot,0
42616,PT,one_shot,0
7455,PT,one_shot,0
38552,PT,one_shot,0
47084,PT,one_shot,0
49231,PT,one_shot,0
56550,PT,one_shot,0
19180,PT,one_shot,0
32107,PT,one_shot,0
69721,PT,one_shot,0
54108,PT,one_shot,0
89464,PT,one_shot,0
23700,PT,one_shot,1
22380,PT,one_shot,0
23046,PT,one_shot,0
10450,PT,one_shot,0
79987,PT,one_shot,0
81326,PT,one_shot,0
89639,PT,one_shot,0
31666,PT,one_shot,0
65330,PT,one_shot,0
76535,PT,one_shot,0
18858,PT,one_shot,0
30533,PT,one_shot,0
60543,PT,one_shot,0
83711,PT,one_shot,0
33389,PT,one_shot,0
60336,PT,one_shot,1
33566,PT,one_shot,0
87504,PT,one_shot,1
1331,PT,one_shot,1
61081,PT,one_shot,1
37800,PT,one_shot,0
88915,PT,one_shot,0
71743,PT,one_shot,0
20806,PT,one_shot,0
9781,PT,one_shot,0
57998,PT,one_shot,0
45393,PT,one_shot,0
77114,PT,one_shot,0
39310,PT,one_shot,0
83846,PT,one_shot,0
55715,PT,one_shot,1
90580,PT,one_shot,1
32880,PT,one_shot,0
59978,PT,one_shot,0
39699,PT,one_shot,0
26211,PT,one_shot,0
50522,PT,one_shot,0
63435,PT,one_shot,0
14079,PT,one_shot,0
31191,PT,one_shot,0
50086,PT,one_shot,0
75063,PT,one_shot,0
47149,PT,one_shot,0
75441,PT,one_shot,0
38880,PT,one_shot,0
91755,PT,one_shot,0
38796,PT,one_shot,0
2975,PT,one_shot,0
86375,PT,one_shot,0
51979,PT,one_shot,1
36076,PT,one_shot,0
1161,PT,one_shot,0
89989,PT,one_shot,0
97705,PT,one_shot,0
6528,PT,one_shot,0
79582,PT,one_shot,0
97771,PT,one_shot,0
65207,PT,one_shot,0
37612,PT,one_shot,0
30262,PT,one_shot,0
79669,PT,one_shot,0
46279,PT,one_shot,0
28805,PT,one_shot,1
83542,PT,one_shot,1
25020,PT,one_shot,0
81481,PT,one_shot,1
32950,PT,one_shot,0
88935,PT,one_shot,0
99135,PT,one_shot,1
94593,PT,one_shot,0
86500,PT,one_shot,1
89341,PT,one_shot,0
18027,PT,one_shot,1
82445,PT,one_shot,1
12835,PT,one_shot,1
82342,PT,one_shot,1
84817,PT,one_shot,1
5267,PT,one_shot,1
40592,PT,one_shot,1
57879,PT,one_shot,1
4473,PT,one_shot,1
76065,PT,one_shot,1
47923,PT,one_shot,1
96091,PT,one_shot,1
17324,PT,one_shot,1
11913,PT,one_shot,1
38780,PT,one_shot,1
42923,PT,one_shot,1
98073,PT,one_shot,1
54560,PT,one_shot,1
23121,PT,one_shot,1
26418,PT,one_shot,1
17422,PT,one_shot,1
70801,PT,one_shot,1
48053,PT,one_shot,1
69679,PT,one_shot,1
65871,PT,one_shot,1
35820,PT,one_shot,1
21667,PT,one_shot,1
33781,PT,one_shot,1
63256,PT,one_shot,1
38784,PT,one_shot,1
97953,PT,one_shot,0
44496,PT,one_shot,0
15195,PT,one_shot,0
61485,PT,one_shot,0
9969,PT,one_shot,0
18549,PT,one_shot,0
98948,PT,one_shot,0
29671,PT,one_shot,0
88747,PT,one_shot,0
95024,PT,one_shot,0
88495,PT,one_shot,0
52189,PT,one_shot,0
73148,PT,one_shot,0
48042,PT,one_shot,0
11936,PT,one_shot,0
51817,PT,one_shot,1
1924,PT,one_shot,1
34763,PT,one_shot,0
70429,PT,one_shot,0
16299,PT,one_shot,1
59709,PT,one_shot,1
48411,PT,one_shot,0
88288,PT,one_shot,0
98274,PT,one_shot,0
88225,PT,one_shot,0
34462,PT,one_shot,0
76719,PT,one_shot,0
50041,PT,one_shot,0
83795,PT,one_shot,0
48789,PT,one_shot,1
14301,PT,one_shot,1
88552,PT,one_shot,0
30747,PT,one_shot,0
61897,PT,one_shot,0
3380,PT,one_shot,0
81305,PT,one_shot,0
73684,PT,one_shot,0
43092,PT,one_shot,0
80064,PT,one_shot,1
29115,PT,one_shot,1
84989,PT,one_shot,1
8385,PT,one_shot,1
83383,PT,one_shot,1
60952,PT,one_shot,1
91991,PT,one_shot,0
39708,PT,one_shot,0
85197,PT,one_shot,0
53616,PT,one_shot,0
15392,PT,one_shot,0
18420,PT,one_shot,0
6043,PT,one_shot,1
4977,PT,one_shot,0
39993,PT,one_shot,1
64669,PT,one_shot,1
15320,PT,one_shot,1
12839,PT,one_shot,1
30875,PT,one_shot,0
70557,PT,one_shot,1
17881,PT,one_shot,1
51040,PT,one_shot,1
59559,PT,one_shot,1
48729,PT,one_shot,1
87981,PT,one_shot,1
97504,PT,one_shot,1
91389,PT,one_shot,1
70904,PT,one_shot,1
55035,PT,one_shot,1
77083,PT,one_shot,1
97390,PT,one_shot,1
95336,PT,one_shot,1
20353,PT,one_shot,1
54479,PT,one_shot,1
85941,PT,one_shot,1
13078,PT,one_shot,1
